"Reference","Qty","Value","DNP","Exclude from BOM","Exclude from Board","Footprint","Datasheet","MANUFACTURER","MPN","DIGIKEY #","Price","Link"
"BT1","1","Battery_Cell","","","","Battery:BatteryHolder_Keystone_106_1x20mm","~","Keystone Electronics","106","36-106-ND","1.38000","https://www.digikey.ca/en/products/detail/keystone-electronics/106/27386"
"C1,C9,C13","3","1u","","","","Capacitor_SMD:C_0402_1005Metric_Pad0.74x0.62mm_HandSolder","~","TDK Corporation","C1005X5R1E105K050EC","445-C1005X5R1E105K050ECCT-ND","0.16000","https://www.digikey.ca/en/products/detail/tdk-corporation/C1005X5R1E105K050EC/22106056"
"C2,C3,C4,C5,C6,C7,C8,C10,C11,C14","10","100n","","","","Capacitor_SMD:C_0402_1005Metric_Pad0.74x0.62mm_HandSolder","~","Samsung Electro-Mechanics","CL05B104KP5VPNC","1276-CL05B104KP5VPNCCT-ND","0.05300","https://www.digikey.ca/en/products/detail/samsung-electro-mechanics/CL05B104KP5VPNC/20498482"
"C12,C18","2","4.7uF","","","","Capacitor_SMD:C_0402_1005Metric_Pad0.74x0.62mm_HandSolder","~","Samsung Electro-Mechanics","CL05A475MP5NRNC","1276-1482-1-ND","0.12000","https://www.digikey.ca/en/products/detail/samsung-electro-mechanics/CL05A475MP5NRNC/3887140"
"C15,C16","2","15p","","","","Capacitor_SMD:C_0402_1005Metric_Pad0.74x0.62mm_HandSolder","~","Murata Electronics","GJM1555C1H150GB01D","490-8080-1-ND","0.17000","https://www.digikey.ca/en/products/detail/murata-electronics/GJM1555C1H150GB01D/2592856"
"C17","1","0.1u","","","","Capacitor_SMD:C_0402_1005Metric_Pad0.74x0.62mm_HandSolder","~","Samsung Electro-Mechanics","CL05B104KP5NNNC","1276-1002-1-ND","0.12000","https://www.digikey.ca/en/products/detail/samsung-electro-mechanics/CL05B104KP5NNNC/3886660"
"D1","1","LED","","","","LED_SMD:LED_0805_2012Metric","~","ams-OSRAM USA INC.","LS R976-NR-1-0-20-R18","475-LSR976-NR-1CT-ND","0.23000","https://www.digikey.ca/en/products/detail/ams-osram-usa-inc/LS-R976-NR-1-0-20-R18/1227987"
"D2","1","1N4148","","","","Diode_THT:D_DO-35_SOD27_P7.62mm_Horizontal","https://assets.nexperia.com/documents/data-sheet/1N4148_1N4448.pdf","MCC (Micro Commercial Components)","1N4148WL2-TP","1N4148WL2-TPMSCT-ND","0.19000","https://www.digikey.ca/en/products/detail/mcc-micro-commercial-components/1N4148WL2-TP/6193188"
"J1","1","USB_C_Receptacle_USB2.0_14P","","","","Connector_USB:USB_C_Receptacle_GCT_USB4105-xx-A_16P_TopMnt_Horizontal","https://www.usb.org/sites/default/files/documents/usb_type-c.zip","GCT","USB4105-GF-A","USB4105-GF-A","1.12000","https://www.digikey.ca/en/products/detail/gct/USB4105-GF-A/11198441"
"Q1","1","Q_PMOS_GSD","","","","Package_TO_SOT_SMD:SOT-23","~","Diodes Incorporated","DMP2305U-7","DMP2305UDICT-ND","0.40000","https://www.digikey.ca/en/products/detail/diodes-incorporated/DMP2305U-7/2052779"
"Q2,Q3,Q4","3","Q_NMOS_GSD","","","","Package_TO_SOT_SMD:SOT-23","~","Diotec Semiconductor","2N7002","4878-2N7002CT-ND","0.19000","https://www.digikey.ca/en/products/detail/diotec-semiconductor/2N7002/13163336"
"R1,R2","2","5.1k","","","","Resistor_SMD:R_0402_1005Metric_Pad0.72x0.64mm_HandSolder","~","YAGEO","RC0402FR-075K1L","311-5.10KLRCT-ND","0.15000","https://www.digikey.ca/en/products/detail/yageo/RC0402FR-075K1L/726624"
"R3,R4","2","27.4","","","","Resistor_SMD:R_0402_1005Metric_Pad0.72x0.64mm_HandSolder","~","Stackpole Electronics Inc","RMCF0402FT27R4","738-RMCF0402FT27R4CT-ND","0.15000","https://www.digikey.ca/en/products/detail/stackpole-electronics-inc/RMCF0402FT27R4/1761590"
"R6,R7","2","1k","","","","Resistor_SMD:R_0402_1005Metric_Pad0.72x0.64mm_HandSolder","~","Stackpole Electronics Inc","RMCF0402FT1K00 ","RMCF0402FT1K00CT-ND","0.15000","https://www.digikey.ca/en/products/detail/stackpole-electronics-inc/RMCF0402FT1K00/1761754"
"R8,R9","2","4.7k","","","","Resistor_SMD:R_0402_1005Metric_Pad0.72x0.64mm_HandSolder","~","YAGEO","RC0402FR-074K7L","311-4.7KLRCT-ND","0.15000","https://www.digikey.ca/en/products/detail/yageo/RC0402FR-074K7L/2827563"
"R10","1","1M","","","","Resistor_SMD:R_0402_1005Metric_Pad0.72x0.64mm_HandSolder","~","TE Connectivity Passive Product","CRGCQ0402F1M0","A129663CT-ND","0.15000","https://www.digikey.ca/en/products/detail/te-connectivity-passive-product/CRGCQ0402F1M0/8576265"
"R11","1","16.9k","","","","Resistor_SMD:R_0402_1005Metric_Pad0.72x0.64mm_HandSolder","~","Panasonic Electronic Components","ERJ-2RKF1692X","P16.9KLCT-ND","0.15000","https://www.digikey.ca/en/products/detail/panasonic-electronic-components/ERJ-2RKF1692X/192161"
"R12,R14,R16","3","10k","","","","Resistor_SMD:R_0402_1005Metric_Pad0.72x0.64mm_HandSolder","~","Samsung Electro-Mechanics","RC1005F103CS","1276-3431-1-ND","0.15000","https://www.digikey.ca/en/products/detail/samsung-electro-mechanics/RC1005F103CS/3903439"
"R13","1","150","DNP","","","Resistor_SMD:R_0402_1005Metric_Pad0.72x0.64mm_HandSolder","~","Stackpole Electronics Inc","RMCF0402FT150R","RMCF0402FT150RCT-ND","0.15000","https://www.digikey.ca/en/products/detail/stackpole-electronics-inc/RMCF0402FT150R/1761826"
"R15","1","100k","","","","Resistor_SMD:R_0402_1005Metric_Pad0.72x0.64mm_HandSolder","~","Vishay Dale","CRCW0402100KFKED","541-100KLCT-ND","0.15000","https://www.digikey.ca/en/products/detail/vishay-dale/CRCW0402100KFKED/1178235"
"SW1,SW2","2","SW_Push","","","","Button_Switch_THT:SW_PUSH_6mm","~","Omron Electronics Inc-EMC Div","B3F-1020","SW402-ND","0.43000","https://www.digikey.ca/en/products/detail/omron-electronics-inc-emc-div/B3F-1020/44059"
"U1","1","RP2040","","","","Package_DFN_QFN:QFN-56-1EP_7x7mm_P0.4mm_EP3.2x3.2mm","https://datasheets.raspberrypi.com/rp2040/rp2040-datasheet.pdf","Raspberry Pi","SC0914(13)","2648-SC0914(13)CT-ND","1.07000","https://www.digikey.ca/en/products/detail/raspberry-pi/SC0914-13/14306010"
"U2","1","TPL5110","","","","Package_TO_SOT_SMD:SOT-23-6","http://www.ti.com/lit/ds/symlink/tpl5110.pdf","Texas Instruments","TPL5110QDDCRQ1","296-47866-1-ND","1.24000","https://www.digikey.ca/en/products/detail/texas-instruments/TPL5110QDDCRQ1/6816812"
"U3","1","AP2112K-3.3","","","","Package_TO_SOT_SMD:SOT-23-5","https://www.diodes.com/assets/Datasheets/AP2112.pdf","Diodes Incorporated","AP2112K-3.3TRG1","AP2112K-3.3TRG1DICT-ND","0.34000","https://www.digikey.ca/en/products/detail/diodes-incorporated/AP2112K-3-3TRG1/4470746"
"U4","1","RV-3028-C7","","","","Package_SON:MicroCrystal_C7_SON-8_1.5x3.2mm_P0.9mm","https://www.microcrystal.com/fileadmin/Media/Products/RTC/Datasheet/RV-3028-C7.pdf","Micro Crystal AG","RV-3028-C7 32.768KHZ 1PPM-TA-QC","2195-RV-3028-C732.768KHZ1PPM-TA-QCCT-ND","3.91000","https://www.digikey.ca/en/products/detail/micro-crystal-ag/RV-3028-C7-32-768KHZ-1PPM-TA-QC/10431070"
"U5","1","W25Q128JVS","","","","Package_SO:SOIC-8_5.3x5.3mm_P1.27mm","https://www.winbond.com/resource-files/w25q128jv_dtr%20revc%2003272018%20plus.pdf","Winbond Electronics","W25Q128JVSIQ TR","256-W25Q128JVSIQTRCT-ND","2.35000","https://www.digikey.ca/en/products/detail/winbond-electronics/W25Q128JVSIQ-TR/5803944"
"U6","1","74LVC1G32","","","","Package_TO_SOT_SMD:SOT-23-5","http://www.ti.com/lit/sg/scyt129e/scyt129e.pdf","Texas Instruments","SN74LVC1G32DBVR","296-9847-1-ND","0.17000","https://www.digikey.ca/en/products/detail/texas-instruments/SN74LVC1G32DBVR/381323"
"Y1","1","ABM8-272-T3","","","","Crystal:Crystal_SMD_3225-4Pin_3.2x2.5mm","","ABRACON","ABM8-272-T3","535-ABM8-272-T3CT-ND","0.83000","https://www.digikey.ca/en/products/detail/abracon-llc/ABM8-272-T3/22472366"
"PCB","5 (minimum)","","","","","","","","","PCB","$2.76 (exc. shipping), $35.01 (CAD) (including shipping)","JLCPCB"
"","","","","","","","","","","Total","","$21.38 (CAD) (excluding shipping, taxes)"